"State","Year","SMD","MMD-Post","MMD-FFA","MMD-AY-1PY","MMD-AY-Posts","MMD-AY-FFA","FD-SMD","FFD-MMD-Posts","FFD-MMD-FFA","MMD-Cumulative"
"AL",1970,1,1,0,0,0,0,0,0,0,0
"AK",1970,1,0,1,0,0,0,0,0,0,0
"AZ",1970,0,0,1,0,0,0,0,0,0,0
"AR",1970,1,1,0,0,0,0,0,0,0,0
"CA",1970,1,0,0,0,0,0,0,0,0,0
"CO",1970,1,0,0,0,0,0,0,0,0,0
"CT",1970,1,0,0,0,0,0,0,0,0,0
"DE",1970,1,0,0,0,0,0,0,0,0,0
"FL",1970,1,1,0,0,0,0,0,1,0,0
"GA",1970,1,1,0,0,0,0,0,1,0,0
"HI",1970,1,0,1,0,0,0,0,0,0,0
"ID",1970,1,0,1,0,0,0,0,0,0,0
"IL",1970,0,0,0,0,0,0,0,0,0,1
"IN",1970,1,0,1,0,0,0,0,0,0,0
"IA",1970,1,0,0,0,0,0,0,0,0,0
"KS",1970,1,0,0,0,0,0,0,0,0,0
"ME",1970,1,0,1,0,0,0,0,0,0,0
"MD",1970,1,0,1,0,0,0,0,0,0,0
"MA",1970,1,0,1,0,0,0,0,0,0,0
"MI",1970,1,0,0,0,0,0,0,0,0,0
"MN",1970,1,0,1,0,0,0,0,0,0,0
"MO",1970,1,0,0,0,0,0,0,0,0,0
"MT",1970,1,0,1,0,0,0,0,0,0,0
"NV",1970,1,0,1,0,0,0,0,0,1,0
"NH",1970,1,0,1,0,0,0,0,0,0,0
"NM",1970,1,0,0,0,0,0,0,0,0,0
"NY",1970,1,0,0,0,0,0,0,0,0,0
"NC",1970,1,1,1,0,0,0,0,0,0,0
"ND",1970,0,0,1,0,0,0,0,0,0,0
"OH",1970,1,0,0,0,0,0,0,0,0,0
"OK",1970,1,0,0,0,0,0,0,0,0,0
"OR",1970,1,1,0,0,0,0,1,0,0,0
"PA",1970,1,0,0,0,0,0,0,0,0,0
"RI",1970,1,0,0,0,0,0,0,0,0,0
"SC",1970,1,0,1,0,0,0,0,0,0,0
"SD",1970,1,0,1,0,0,0,0,0,0,0
"TN",1970,1,1,0,0,0,0,1,0,0,0
"TX",1970,1,1,0,0,0,0,0,0,0,0
"UT",1970,1,0,0,0,0,0,0,0,0,0
"WA",1970,1,1,0,0,0,0,0,0,0,0
"WV",1970,1,0,1,0,0,0,0,0,0,0
"WI",1970,1,0,0,0,0,0,0,0,0,0
"WY",1970,1,0,1,0,0,0,0,0,0,0
"AL",1974,1,0,0,0,0,0,0,0,0,0
"AK",1974,1,0,1,0,0,0,0,0,0,0
"AZ",1974,0,0,1,0,0,0,0,0,0,0
"AR",1974,1,1,0,0,0,0,0,0,0,0
"CA",1974,1,0,0,0,0,0,0,0,0,0
"CO",1974,1,0,0,0,0,0,0,0,0,0
"CT",1974,1,0,0,0,0,0,0,0,0,0
"DE",1974,1,0,0,0,0,0,0,0,0,0
"FL",1974,1,1,0,0,0,0,0,0,0,0
"GA",1974,1,1,0,0,0,0,0,1,0,0
"HI",1974,1,0,1,0,0,0,0,0,0,0
"ID",1974,0,0,1,0,0,0,0,0,0,0
"IL",1974,0,0,0,0,0,0,0,0,0,1
"IN",1974,1,0,1,0,0,0,0,0,0,0
"IA",1974,1,0,0,0,0,0,0,0,0,0
"KS",1974,1,0,0,0,0,0,0,0,0,0
"ME",1974,1,0,1,0,0,0,0,0,0,0
"MD",1974,1,0,1,0,0,0,0,0,0,0
"MA",1974,1,0,0,0,0,0,0,0,0,0
"MI",1974,1,0,0,0,0,0,0,0,0,0
"MN",1974,1,0,0,0,0,0,0,0,0,0
"MO",1974,1,0,0,0,0,0,0,0,0,0
"MT",1974,1,0,0,0,0,0,0,0,0,0
"NV",1974,1,0,0,0,0,0,0,0,0,0
"NH",1974,1,0,1,0,0,0,0,0,0,0
"NM",1974,1,0,0,0,0,0,0,0,0,0
"NY",1974,1,0,0,0,0,0,0,0,0,0
"NC",1974,1,0,1,0,0,0,0,0,0,0
"ND",1974,0,0,1,0,0,0,0,0,0,0
"OH",1974,1,0,0,0,0,0,0,0,0,0
"OK",1974,1,0,0,0,0,0,0,0,0,0
"OR",1974,1,0,0,0,0,0,0,0,0,0
"PA",1974,1,0,0,0,0,0,0,0,0,0
"RI",1974,1,0,0,0,0,0,0,0,0,0
"SC",1974,1,0,0,0,0,0,0,0,0,0
"SD",1974,0,0,1,0,0,0,0,0,0,0
"TN",1974,1,0,0,0,0,0,0,0,0,0
"TX",1974,1,1,0,0,0,0,0,0,0,0
"UT",1974,1,0,0,0,0,0,0,0,0,0
"VA",1974,1,0,0,0,0,0,0,0,0,0
"WA",1974,0,1,0,0,0,0,0,0,0,0
"WV",1974,1,0,1,0,0,0,0,0,0,0
"WI",1974,1,0,0,0,0,0,0,0,0,0
"WY",1974,1,0,1,0,0,0,0,0,0,0
"AL",1978,1,0,0,0,0,0,0,0,0,0
"AK",1978,1,0,1,0,0,0,0,0,0,0
"AZ",1978,0,0,1,0,0,0,0,0,0,0
"AR",1978,1,1,0,0,0,0,0,0,0,0
"CA",1978,1,0,0,0,0,0,0,0,0,0
"CO",1978,1,0,0,0,0,0,0,0,0,0
"CT",1978,1,0,0,0,0,0,0,0,0,0
"DE",1978,1,0,0,0,0,0,0,0,0,0
"FL",1978,1,1,0,0,0,0,0,0,0,0
"GA",1978,1,1,0,0,0,0,0,1,0,0
"HI",1978,1,0,1,0,0,0,0,0,0,0
"ID",1978,0,1,0,0,0,0,0,0,0,0
"IL",1978,0,0,0,0,0,0,0,0,0,1
"IN",1978,1,0,1,0,0,0,0,0,0,0
"IA",1978,1,0,0,0,0,0,0,0,0,0
"KS",1978,1,0,0,0,0,0,0,0,0,0
"KY",1978,1,0,0,0,0,0,0,0,0,0
"ME",1978,1,0,0,0,0,0,0,0,0,0
"MD",1978,1,0,1,0,0,0,0,0,0,0
"MA",1978,1,0,0,0,0,0,0,0,0,0
"MI",1978,1,0,0,0,0,0,0,0,0,0
"MN",1978,1,0,0,0,0,0,0,0,0,0
"MO",1978,1,0,0,0,0,0,0,0,0,0
"MT",1978,1,0,0,0,0,0,0,0,0,0
"NV",1978,1,0,0,0,0,0,0,0,0,0
"NH",1978,1,0,1,0,0,0,0,0,0,0
"NM",1978,1,0,0,0,0,0,0,0,0,0
"NY",1978,1,0,0,0,0,0,0,0,0,0
"NC",1978,1,0,1,0,0,0,0,0,0,0
"ND",1978,0,0,1,0,0,0,0,0,0,0
"OH",1978,1,0,0,0,0,0,0,0,0,0
"OK",1978,1,0,0,0,0,0,0,0,0,0
"OR",1978,1,0,0,0,0,0,0,0,0,0
"PA",1978,1,0,0,0,0,0,0,0,0,0
"RI",1978,1,0,0,0,0,0,0,0,0,0
"SC",1978,1,0,0,0,0,0,0,0,0,0
"SD",1978,0,0,1,0,0,0,0,0,0,0
"TN",1978,1,0,0,0,0,0,0,0,0,0
"TX",1978,1,0,0,0,0,0,0,0,0,0
"UT",1978,1,0,0,0,0,0,0,0,0,0
"VA",1978,1,0,0,0,0,0,0,0,0,0
"WA",1978,0,1,0,0,0,0,0,0,0,0
"WV",1978,1,0,1,0,0,0,0,0,0,0
"WI",1978,1,0,0,0,0,0,0,0,0,0
"WY",1978,1,0,1,0,0,0,0,0,0,0
"AL",1982,1,0,0,0,0,0,0,0,0,0
"AK",1982,1,1,0,0,0,0,0,0,0,0
"AZ",1982,0,0,1,0,0,0,0,0,0,0
"AR",1982,1,1,0,0,0,0,0,0,0,0
"CA",1982,1,0,0,0,0,0,0,0,0,0
"CO",1982,1,0,0,0,0,0,0,0,0,0
"CT",1982,1,0,0,0,0,0,0,0,0,0
"DE",1982,1,0,0,0,0,0,0,0,0,0
"FL",1982,1,0,0,0,0,0,0,0,0,0
"GA",1982,1,1,0,0,0,0,1,0,0,0
"HI",1982,1,0,0,0,0,0,0,0,0,0
"ID",1982,0,1,0,0,0,0,0,0,0,0
"IL",1982,1,0,0,0,0,0,0,0,0,0
"IN",1982,1,0,1,0,0,0,0,0,0,0
"IA",1982,1,0,0,0,0,0,0,0,0,0
"KS",1982,1,0,0,0,0,0,0,0,0,0
"ME",1982,1,0,0,0,0,0,0,0,0,0
"MD",1982,1,0,1,0,0,0,0,0,0,0
"MA",1982,1,0,0,0,0,0,0,0,0,0
"MI",1982,1,0,0,0,0,0,0,0,0,0
"MN",1982,1,0,0,0,0,0,0,0,0,0
"MO",1982,1,0,0,0,0,0,0,0,0,0
"MT",1982,1,0,0,0,0,0,0,0,0,0
"NV",1982,1,0,0,0,0,0,0,0,0,0
"NH",1982,1,0,1,0,0,0,1,0,1,0
"NM",1982,1,0,0,0,0,0,0,0,0,0
"NY",1982,1,0,0,0,0,0,0,0,0,0
"NC",1982,1,0,1,0,0,0,0,0,0,0
"ND",1982,0,0,1,0,0,0,0,0,0,0
"OH",1982,1,0,0,0,0,0,0,0,0,0
"OK",1982,1,0,0,0,0,0,0,0,0,0
"OR",1982,1,0,0,0,0,0,0,0,0,0
"PA",1982,1,0,0,0,0,0,0,0,0,0
"RI",1982,1,0,0,0,0,0,0,0,0,0
"SC",1982,1,0,0,0,0,0,0,0,0,0
"SD",1982,0,0,1,0,0,0,0,0,0,0
"TN",1982,1,0,0,0,0,0,0,0,0,0
"TX",1982,1,0,0,0,0,0,0,0,0,0
"UT",1982,1,0,0,0,0,0,0,0,0,0
"VA",1982,1,0,0,0,0,0,0,0,0,0
"WA",1982,1,1,0,0,0,0,0,0,0,0
"WV",1982,1,0,1,0,0,0,0,0,0,0
"WI",1982,1,0,0,0,0,0,0,0,0,0
"WY",1982,1,0,1,0,0,0,0,0,0,0
"AL",1983,1,0,0,0,0,0,0,0,0,0
"LA",1983,1,0,0,0,0,0,0,0,0,0
"MA",1983,1,0,0,0,0,0,0,0,0,0
"MS",1983,1,0,0,0,0,0,0,0,0,0
"MO",1983,1,0,0,0,0,0,0,0,0,0
"NJ",1983,0,0,1,0,0,0,0,0,0,0
"SC",1983,1,0,0,0,0,0,0,0,0,0
"VA",1983,1,0,0,0,0,0,0,0,0,0
"AL",1986,1,0,0,0,0,0,0,0,0,0
"AK",1986,1,1,0,0,0,0,0,0,0,0
"AZ",1986,0,0,1,0,0,0,0,0,0,0
"AR",1986,1,1,0,0,0,0,0,0,0,0
"CA",1986,1,0,0,0,0,0,0,0,0,0
"CO",1986,1,0,0,0,0,0,0,0,0,0
"CT",1986,1,0,0,0,0,0,0,0,0,0
"DE",1986,1,0,0,0,0,0,0,0,0,0
"FL",1986,1,0,0,0,0,0,0,0,0,0
"GA",1986,1,1,0,0,0,0,1,0,0,0
"HI",1986,1,0,0,0,0,0,0,0,0,0
"ID",1986,0,1,0,0,0,0,0,1,0,0
"IL",1986,1,0,0,0,0,0,0,0,0,0
"IN",1986,1,0,1,0,0,0,0,0,0,0
"IA",1986,1,0,0,0,0,0,0,0,0,0
"KS",1986,1,0,0,0,0,0,0,0,0,0
"KY",1986,1,0,0,0,0,0,0,0,0,0
"ME",1986,1,0,0,0,0,0,0,0,0,0
"MD",1986,1,0,1,0,0,0,0,0,0,0
"MA",1986,1,0,0,0,0,0,0,0,0,0
"MI",1986,1,0,0,0,0,0,0,0,0,0
"MN",1986,1,0,0,0,0,0,0,0,0,0
"MO",1986,1,0,0,0,0,0,0,0,0,0
"MT",1986,1,0,0,0,0,0,0,0,0,0
"NV",1986,1,0,0,0,0,0,0,0,0,0
"NH",1986,1,0,1,0,0,0,1,0,1,0
"NM",1986,1,0,0,0,0,0,0,0,0,0
"NY",1986,1,0,0,0,0,0,0,0,0,0
"NC",1986,1,0,1,0,0,0,0,0,0,0
"ND",1986,0,0,1,0,0,0,0,0,0,0
"OH",1986,1,0,0,0,0,0,0,0,0,0
"OK",1986,1,0,0,0,0,0,0,0,0,0
"OR",1986,1,0,0,0,0,0,0,0,0,0
"PA",1986,1,0,0,0,0,0,0,0,0,0
"RI",1986,1,0,0,0,0,0,0,0,0,0
"SC",1986,1,0,0,0,0,0,0,0,0,0
"SD",1986,0,0,1,0,0,0,0,0,0,0
"TN",1986,1,0,0,0,0,0,0,0,0,0
"TX",1986,1,0,0,0,0,0,0,0,0,0
"UT",1986,1,0,0,0,0,0,0,0,0,0
"VT",1986,1,0,1,0,0,0,0,0,0,0
"VA",1986,1,0,0,0,0,0,0,0,0,0
"WA",1986,1,1,0,0,0,0,0,0,0,0
"WV",1986,1,0,1,0,0,0,0,0,0,0
"WI",1986,1,0,0,0,0,0,0,0,0,0
"WY",1986,1,0,1,0,0,0,0,0,0,0
"AL",1990,1,0,0,0,0,0,0,0,0,0
"AK",1990,1,1,0,0,0,0,0,0,0,0
"AZ",1990,0,0,1,0,0,0,0,0,0,0
"AR",1990,1,1,0,0,0,0,0,0,0,0
"CA",1990,1,0,0,0,0,0,0,0,0,0
"CO",1990,1,0,0,0,0,0,0,0,0,0
"CT",1990,1,0,0,0,0,0,0,0,0,0
"DE",1990,1,0,0,0,0,0,0,0,0,0
"FL",1990,1,0,0,0,0,0,0,0,0,0
"GA",1990,1,1,0,0,0,0,1,0,0,0
"HI",1990,1,0,0,0,0,0,0,0,0,0
"ID",1990,0,1,0,0,0,0,0,1,0,0
"IL",1990,1,0,0,0,0,0,0,0,0,0
"IN",1990,1,0,1,0,0,0,0,0,0,0
"IA",1990,1,0,0,0,0,0,0,0,0,0
"KS",1990,1,0,0,0,0,0,0,0,0,0
"KY",1990,1,0,0,0,0,0,0,0,0,0
"ME",1990,1,0,0,0,0,0,0,0,0,0
"MD",1990,1,0,1,0,0,0,0,0,0,0
"MA",1990,1,0,0,0,0,0,0,0,0,0
"MI",1990,1,0,0,0,0,0,0,0,0,0
"MN",1990,1,0,0,0,0,0,0,0,0,0
"MO",1990,1,0,0,0,0,0,0,0,0,0
"MT",1990,1,0,0,0,0,0,0,0,0,0
"NV",1990,1,0,0,0,0,0,0,0,0,0
"NH",1990,1,0,1,0,0,0,1,0,1,0
"NM",1990,1,0,0,0,0,0,0,0,0,0
"NY",1990,1,0,0,0,0,0,0,0,0,0
"NC",1990,1,0,1,0,0,0,0,0,0,0
"ND",1990,0,0,1,0,0,0,0,0,0,0
"OH",1990,1,0,0,0,0,0,0,0,0,0
"OK",1990,1,0,0,0,0,0,0,0,0,0
"OR",1990,1,0,0,0,0,0,0,0,0,0
"PA",1990,1,0,0,0,0,0,0,0,0,0
"RI",1990,1,0,0,0,0,0,0,0,0,0
"SC",1990,1,0,0,0,0,0,0,0,0,0
"SD",1990,0,0,1,0,0,0,0,0,0,0
"TN",1990,1,0,0,0,0,0,0,0,0,0
"TX",1990,1,0,0,0,0,0,0,0,0,0
"UT",1990,1,0,0,0,0,0,0,0,0,0
"VT",1990,1,0,1,0,0,0,0,0,0,0
"WA",1990,1,1,0,0,0,0,0,0,0,0
"WV",1990,1,0,1,0,0,0,0,0,0,0
"WI",1990,1,0,0,0,0,0,0,0,0,0
"WY",1990,1,0,1,0,0,0,0,0,0,0
"AL",1994,1,0,0,0,0,0,0,0,0,0
"AK",1994,1,0,0,0,0,0,0,0,0,0
"AZ",1994,0,0,1,0,0,0,0,0,0,0
"AR",1994,1,1,0,0,0,0,0,0,0,0
"CA",1994,1,0,0,0,0,0,0,0,0,0
"CO",1994,1,0,0,0,0,0,0,0,0,0
"CT",1994,1,0,0,0,0,0,0,0,0,0
"DE",1994,1,0,0,0,0,0,0,0,0,0
"FL",1994,1,0,0,0,0,0,0,0,0,0
"GA",1994,1,0,0,0,0,0,0,0,0,0
"HI",1994,1,0,0,0,0,0,0,0,0,0
"ID",1994,0,1,0,0,0,0,0,0,0,0
"IL",1994,1,0,0,0,0,0,0,0,0,0
"IN",1994,1,0,0,0,0,0,0,0,0,0
"IA",1994,1,0,0,0,0,0,0,0,0,0
"KS",1994,1,0,0,0,0,0,0,0,0,0
"KY",1994,1,0,0,0,0,0,0,0,0,0
"ME",1994,1,0,0,0,0,0,0,0,0,0
"MD",1994,1,0,1,0,0,0,0,0,0,0
"MA",1994,1,0,0,0,0,0,0,0,0,0
"MI",1994,1,0,0,0,0,0,0,0,0,0
"MN",1994,1,0,0,0,0,0,0,0,0,0
"MO",1994,1,0,0,0,0,0,0,0,0,0
"MT",1994,1,0,0,0,0,0,0,0,0,0
"NV",1994,1,0,0,0,0,0,0,0,0,0
"NH",1994,1,0,1,0,0,0,1,0,1,0
"NM",1994,1,0,0,0,0,0,0,0,0,0
"NY",1994,1,0,0,0,0,0,0,0,0,0
"NC",1994,1,0,1,0,0,0,0,0,0,0
"ND",1994,0,0,1,0,0,0,0,0,0,0
"OH",1994,1,0,0,0,0,0,0,0,0,0
"OK",1994,1,0,0,0,0,0,0,0,0,0
"OR",1994,1,0,0,0,0,0,0,0,0,0
"PA",1994,1,0,0,0,0,0,0,0,0,0
"RI",1994,1,0,0,0,0,0,0,0,0,0
"SC",1994,1,0,0,0,0,0,0,0,0,0
"SD",1994,1,0,1,0,0,0,0,0,0,0
"TN",1994,1,0,0,0,0,0,0,0,0,0
"TX",1994,1,0,0,0,0,0,0,0,0,0
"UT",1994,1,0,0,0,0,0,0,0,0,0
"VT",1994,1,0,1,0,0,0,0,0,0,0
"WA",1994,0,1,0,0,0,0,0,0,0,0
"WV",1994,1,0,1,0,0,0,0,0,0,0
"WI",1994,1,0,0,0,0,0,0,0,0,0
"WY",1994,1,0,0,0,0,0,0,0,0,0
"AL",1998,1,0,0,0,0,0,0,0,0,0
"AK",1998,1,0,0,0,0,0,0,0,0,0
"AZ",1998,0,0,1,0,0,0,0,0,0,0
"AR",1998,1,1,0,0,0,0,0,0,0,0
"CA",1998,1,0,0,0,0,0,0,0,0,0
"CO",1998,1,0,0,0,0,0,0,0,0,0
"CT",1998,1,0,0,0,0,0,0,0,0,0
"DE",1998,1,0,0,0,0,0,0,0,0,0
"FL",1998,1,0,0,0,0,0,0,0,0,0
"GA",1998,1,0,0,0,0,0,0,0,0,0
"HI",1998,1,0,0,0,0,0,0,0,0,0
"ID",1998,0,1,0,0,0,0,0,0,0,0
"IL",1998,1,0,0,0,0,0,0,0,0,0
"IN",1998,1,0,0,0,0,0,0,0,0,0
"IA",1998,1,0,0,0,0,0,0,0,0,0
"KS",1998,1,0,0,0,0,0,0,0,0,0
"KY",1998,1,0,0,0,0,0,0,0,0,0
"ME",1998,1,0,0,0,0,0,0,0,0,0
"MD",1998,1,0,1,0,0,0,0,0,0,0
"MA",1998,1,0,0,0,0,0,0,0,0,0
"MI",1998,1,0,0,0,0,0,0,0,0,0
"MN",1998,1,0,0,0,0,0,0,0,0,0
"MO",1998,1,0,0,0,0,0,0,0,0,0
"MT",1998,1,0,0,0,0,0,0,0,0,0
"NV",1998,1,0,0,0,0,0,0,0,0,0
"NH",1998,1,0,1,0,0,0,1,0,1,0
"NM",1998,1,0,0,0,0,0,0,0,0,0
"NY",1998,1,0,0,0,0,0,0,0,0,0
"NC",1998,1,0,1,0,0,0,0,0,0,0
"ND",1998,0,0,1,0,0,0,0,0,0,0
"OH",1998,1,0,0,0,0,0,0,0,0,0
"OK",1998,1,0,0,0,0,0,0,0,0,0
"OR",1998,1,0,0,0,0,0,0,0,0,0
"PA",1998,1,0,0,0,0,0,0,0,0,0
"RI",1998,1,0,0,0,0,0,0,0,0,0
"SC",1998,1,0,0,0,0,0,0,0,0,0
"SD",1998,0,0,1,0,0,0,0,0,0,0
"TN",1998,1,0,0,0,0,0,0,0,0,0
"TX",1998,1,0,0,0,0,0,0,0,0,0
"UT",1998,1,0,0,0,0,0,0,0,0,0
"VT",1998,1,0,1,0,0,0,0,0,0,0
"WA",1998,0,1,0,0,0,0,0,0,0,0
"WV",1998,1,0,1,0,0,0,0,0,0,0
"WI",1998,1,0,0,0,0,0,0,0,0,0
"WY",1998,1,0,0,0,0,0,0,0,0,0
"AL",2002,1,0,0,0,0,0,0,0,0,0
"AK",2002,1,0,0,0,0,0,0,0,0,0
"AZ",2002,0,0,1,0,0,0,0,0,0,0
"AR",2002,1,0,0,0,0,0,0,0,0,0
"CA",2002,1,0,0,0,0,0,0,0,0,0
"CO",2002,1,0,0,0,0,0,0,0,0,0
"CT",2002,1,0,0,0,0,0,0,0,0,0
"DE",2002,1,0,0,0,0,0,0,0,0,0
"FL",2002,1,0,0,0,0,0,0,0,0,0
"GA",2002,1,1,0,0,0,0,0,0,0,0
"HI",2002,1,0,0,0,0,0,0,0,0,0
"ID",2002,0,1,0,0,0,0,0,0,0,0
"IL",2002,1,0,0,0,0,0,0,0,0,0
"IN",2002,1,0,0,0,0,0,0,0,0,0
"IA",2002,1,0,0,0,0,0,0,0,0,0
"KS",2002,1,0,0,0,0,0,0,0,0,0
"KY",2002,1,0,0,0,0,0,0,0,0,0
"LA",2002,1,0,0,0,0,0,0,0,0,0
"ME",2002,1,0,0,0,0,0,0,0,0,0
"MD",2002,1,0,1,0,0,0,0,0,0,0
"MA",2002,1,0,0,0,0,0,0,0,0,0
"MI",2002,1,0,0,0,0,0,0,0,0,0
"MN",2002,1,0,0,0,0,0,0,0,0,0
"MO",2002,1,0,0,0,0,0,0,0,0,0
"MT",2002,1,0,0,0,0,0,0,0,0,0
"NV",2002,1,0,0,0,0,0,0,0,0,0
"NH",2002,1,0,1,0,0,0,0,0,0,0
"NM",2002,1,0,0,0,0,0,0,0,0,0
"NY",2002,1,0,0,0,0,0,0,0,0,0
"NC",2002,1,0,0,0,0,0,0,0,0,0
"ND",2002,0,0,1,0,0,0,0,0,0,0
"OH",2002,1,0,0,0,0,0,0,0,0,0
"OK",2002,1,0,0,0,0,0,0,0,0,0
"OR",2002,1,0,0,0,0,0,0,0,0,0
"PA",2002,1,0,0,0,0,0,0,0,0,0
"RI",2002,1,0,0,0,0,0,0,0,0,0
"SC",2002,1,0,0,0,0,0,0,0,0,0
"SD",2002,1,0,1,0,0,0,0,0,0,0
"TN",2002,1,0,0,0,0,0,0,0,0,0
"TX",2002,1,0,0,0,0,0,0,0,0,0
"UT",2002,1,0,0,0,0,0,0,0,0,0
"VT",2002,1,0,1,0,0,0,0,0,0,0
"WA",2002,0,1,0,0,0,0,0,0,0,0
"WV",2002,1,0,1,0,0,0,0,0,0,0
"WI",2002,1,0,0,0,0,0,0,0,0,0
"WY",2002,1,0,0,0,0,0,0,0,0,0
"AL",2006,1,0,0,0,0,0,0,0,0,0
"AK",2006,1,0,0,0,0,0,0,0,0,0
"AZ",2006,0,0,1,0,0,0,0,0,0,0
"AR",2006,1,0,0,0,0,0,0,0,0,0
"CA",2006,1,0,0,0,0,0,0,0,0,0
"CO",2006,1,0,0,0,0,0,0,0,0,0
"CT",2006,1,0,0,0,0,0,0,0,0,0
"DE",2006,1,0,0,0,0,0,0,0,0,0
"FL",2006,1,0,0,0,0,0,0,0,0,0
"GA",2006,1,0,0,0,0,0,0,0,0,0
"HI",2006,1,0,0,0,0,0,0,0,0,0
"ID",2006,0,1,0,0,0,0,0,0,0,0
"IL",2006,1,0,0,0,0,0,0,0,0,0
"IN",2006,1,0,0,0,0,0,0,0,0,0
"IA",2006,1,0,0,0,0,0,0,0,0,0
"KS",2006,1,0,0,0,0,0,0,0,0,0
"KY",2006,1,0,0,0,0,0,0,0,0,0
"ME",2006,1,0,0,0,0,0,0,0,0,0
"MD",2006,1,0,1,0,0,0,0,0,0,0
"MA",2006,1,0,0,0,0,0,0,0,0,0
"MI",2006,1,0,0,0,0,0,0,0,0,0
"MN",2006,1,0,0,0,0,0,0,0,0,0
"MO",2006,1,0,0,0,0,0,0,0,0,0
"MT",2006,1,0,0,0,0,0,0,0,0,0
"NV",2006,1,0,0,0,0,0,0,0,0,0
"NH",2006,1,0,1,0,0,0,0,0,0,0
"NM",2006,1,0,0,0,0,0,0,0,0,0
"NY",2006,1,0,0,0,0,0,0,0,0,0
"NC",2006,1,0,0,0,0,0,0,0,0,0
"ND",2006,0,0,1,0,0,0,0,0,0,0
"OH",2006,1,0,0,0,0,0,0,0,0,0
"OK",2006,1,0,0,0,0,0,0,0,0,0
"OR",2006,1,0,0,0,0,0,0,0,0,0
"PA",2006,1,0,0,0,0,0,0,0,0,0
"RI",2006,1,0,0,0,0,0,0,0,0,0
"SC",2006,1,0,0,0,0,0,0,0,0,0
"SD",2006,1,0,1,0,0,0,0,0,0,0
"TN",2006,1,0,0,0,0,0,0,0,0,0
"TX",2006,1,0,0,0,0,0,0,0,0,0
"UT",2006,1,0,0,0,0,0,0,0,0,0
"VT",2006,1,0,1,0,0,0,0,0,0,0
"WA",2006,0,1,0,0,0,0,0,0,0,0
"WV",2006,1,0,1,0,0,0,0,0,0,0
"WI",2006,1,0,0,0,0,0,0,0,0,0
"WY",2006,1,0,0,0,0,0,0,0,0,0
"AL",2010,1,0,0,0,0,0,0,0,0,0
"AK",2010,1,0,0,0,0,0,0,0,0,0
"AZ",2010,0,0,1,0,0,0,0,0,0,0
"AR",2010,1,0,0,0,0,0,0,0,0,0
"CA",2010,1,0,0,0,0,0,0,0,0,0
"CO",2010,1,0,0,0,0,0,0,0,0,0
"CT",2010,1,0,0,0,0,0,0,0,0,0
"DE",2010,1,0,0,0,0,0,0,0,0,0
"FL",2010,1,0,0,0,0,0,0,0,0,0
"GA",2010,1,0,0,0,0,0,0,0,0,0
"HI",2010,1,0,0,0,0,0,0,0,0,0
"ID",2010,0,1,0,0,0,0,0,0,0,0
"IL",2010,1,0,0,0,0,0,0,0,0,0
"IN",2010,1,0,0,0,0,0,0,0,0,0
"IA",2010,1,0,0,0,0,0,0,0,0,0
"KS",2010,1,0,0,0,0,0,0,0,0,0
"KY",2010,1,0,0,0,0,0,0,0,0,0
"ME",2010,1,0,0,0,0,0,0,0,0,0
"MD",2010,1,0,1,0,0,0,0,0,0,0
"MA",2010,1,0,0,0,0,0,0,0,0,0
"MI",2010,1,0,0,0,0,0,0,0,0,0
"MN",2010,1,0,0,0,0,0,0,0,0,0
"MO",2010,1,0,0,0,0,0,0,0,0,0
"MT",2010,1,0,0,0,0,0,0,0,0,0
"NV",2010,1,0,0,0,0,0,0,0,0,0
"NH",2010,1,0,1,0,0,0,0,0,0,0
"NM",2010,1,0,0,0,0,0,0,0,0,0
"NY",2010,1,0,0,0,0,0,0,0,0,0
"NC",2010,1,0,0,0,0,0,0,0,0,0
"ND",2010,0,0,1,0,0,0,0,0,0,0
"OH",2010,1,0,0,0,0,0,0,0,0,0
"OK",2010,1,0,0,0,0,0,0,0,0,0
"OR",2010,1,0,0,0,0,0,0,0,0,0
"PA",2010,1,0,0,0,0,0,0,0,0,0
"RI",2010,1,0,0,0,0,0,0,0,0,0
"SC",2010,1,0,0,0,0,0,0,0,0,0
"SD",2010,1,0,1,0,0,0,0,0,0,0
"TN",2010,1,0,0,0,0,0,0,0,0,0
"TX",2010,1,0,0,0,0,0,0,0,0,0
"UT",2010,1,0,0,0,0,0,0,0,0,0
"VT",2010,1,0,1,0,0,0,0,0,0,0
"WA",2010,0,1,0,0,0,0,0,0,0,0
"WV",2010,1,0,1,0,0,0,0,0,0,0
"WI",2010,1,0,0,0,0,0,0,0,0,0
"WY",2010,1,0,0,0,0,0,0,0,0,0
"AK",1968,1,0,1,0,0,0,0,0,0,0
"AZ",1968,0,0,1,0,0,0,0,0,0,0
"AR",1968,1,1,0,0,0,0,0,0,0,0
"CA",1968,1,0,0,0,0,0,0,0,0,0
"CO",1968,1,0,0,0,0,0,0,0,0,0
"CT",1968,1,0,0,0,0,0,0,0,0,0
"DE",1968,1,0,0,0,0,0,0,0,0,0
"FL",1968,1,1,0,0,0,0,0,1,0,0
"GA",1968,1,1,0,0,0,0,0,1,0,0
"HI",1968,1,0,1,0,0,0,0,0,0,0
"ID",1968,1,0,1,0,0,0,0,0,0,0
"IL",1968,0,0,0,0,0,0,0,0,0,1
"IN",1968,1,0,1,0,0,0,0,0,0,0
"IA",1968,1,0,0,0,0,0,0,0,0,0
"KS",1968,1,0,0,0,0,0,0,0,0,0
"LA",1968,1,0,1,0,0,0,0,0,0,0
"ME",1968,1,0,1,0,0,0,0,0,0,0
"MA",1968,1,0,1,0,0,0,0,0,0,0
"MI",1968,1,0,0,0,0,0,0,0,0,0
"MN",1968,1,0,1,0,0,0,0,0,0,0
"MO",1968,1,0,0,0,0,0,0,0,0,0
"MT",1968,1,0,1,0,0,0,0,0,0,0
"NV",1968,1,0,1,0,0,0,0,0,1,0
"NH",1968,1,0,1,0,0,0,0,0,0,0
"NM",1968,1,0,0,0,0,0,0,0,0,0
"NY",1968,1,0,0,0,0,0,0,0,0,0
"ND",1968,0,0,1,0,0,0,0,0,0,0
"OH",1968,1,0,0,0,0,0,0,0,0,0
"OK",1968,1,0,0,0,0,0,0,0,0,0
"OR",1968,1,1,0,0,0,0,1,0,0,0
"PA",1968,1,0,0,0,0,0,0,0,0,0
"RI",1968,1,0,0,0,0,0,0,0,0,0
"SC",1968,1,0,1,0,0,0,0,0,0,0
"SD",1968,1,0,1,0,0,0,0,0,0,0
"TN",1968,1,1,0,0,0,0,1,0,0,0
"TX",1968,1,1,0,0,0,0,0,0,0,0
"UT",1968,1,0,0,0,0,0,0,0,0,0
"WA",1968,1,1,0,0,0,0,0,0,0,0
"WV",1968,1,0,1,0,0,0,0,0,0,0
"WI",1968,1,0,0,0,0,0,0,0,0,0
"WY",1968,1,0,1,0,0,0,0,0,0,0
"AK",1972,1,0,1,0,0,0,0,0,0,0
"AZ",1972,0,0,1,0,0,0,0,0,0,0
"AR",1972,1,1,0,0,0,0,0,0,0,0
"CA",1972,1,0,0,0,0,0,0,0,0,0
"CO",1972,1,0,0,0,0,0,0,0,0,0
"CT",1972,1,0,0,0,0,0,0,0,0,0
"DE",1972,1,0,0,0,0,0,0,0,0,0
"FL",1972,1,1,0,0,0,0,0,0,0,0
"GA",1972,1,1,0,0,0,0,0,1,0,0
"HI",1972,1,0,1,0,0,0,0,0,0,0
"ID",1972,0,0,1,0,0,0,0,0,0,0
"IL",1972,0,0,0,0,0,0,0,0,0,1
"IN",1972,1,0,1,0,0,0,0,0,0,0
"IA",1972,1,0,0,0,0,0,0,0,0,0
"KS",1972,1,0,0,0,0,0,0,0,0,0
"LA",1972,1,0,0,0,0,0,0,0,0,0
"ME",1972,1,0,1,0,0,0,0,0,0,0
"MA",1972,1,0,1,0,0,0,0,0,0,0
"MI",1972,1,0,0,0,0,0,0,0,0,0
"MN",1972,1,0,0,0,0,0,0,0,0,0
"MO",1972,1,0,0,0,0,0,0,0,0,0
"MT",1972,0,0,1,0,0,0,0,0,0,0
"NV",1972,1,0,0,0,0,0,0,0,0,0
"NH",1972,1,0,1,0,0,0,0,0,0,0
"NM",1972,1,0,0,0,0,0,0,0,0,0
"NY",1972,1,0,0,0,0,0,0,0,0,0
"NC",1972,1,0,1,0,0,0,0,0,0,0
"ND",1972,0,0,1,0,0,0,0,0,0,0
"OH",1972,1,0,0,0,0,0,0,0,0,0
"OK",1972,1,0,0,0,0,0,0,0,0,0
"OR",1972,1,0,0,0,0,0,0,0,0,0
"PA",1972,1,0,0,0,0,0,0,0,0,0
"RI",1972,1,0,0,0,0,0,0,0,0,0
"SC",1972,1,0,1,0,0,0,0,0,0,0
"SD",1972,0,0,1,0,0,0,0,0,0,0
"TN",1972,1,0,0,0,0,0,0,0,0,0
"TX",1972,1,1,0,0,0,0,0,0,0,0
"UT",1972,1,0,0,0,0,0,0,0,0,0
"VA",1972,1,0,0,0,0,0,0,0,0,0
"WA",1972,0,1,0,0,0,0,0,0,0,0
"WV",1972,1,0,1,0,0,0,0,0,0,0
"WI",1972,1,0,0,0,0,0,0,0,0,0
"WY",1972,1,0,1,0,0,0,0,0,0,0
"AK",1976,1,0,1,0,0,0,0,0,0,0
"AZ",1976,0,0,1,0,0,0,0,0,0,0
"AR",1976,1,1,0,0,0,0,0,0,0,0
"CA",1976,1,0,0,0,0,0,0,0,0,0
"CO",1976,1,0,0,0,0,0,0,0,0,0
"CT",1976,1,0,0,0,0,0,0,0,0,0
"DE",1976,1,0,0,0,0,0,0,0,0,0
"FL",1976,1,1,0,0,0,0,0,0,0,0
"GA",1976,1,1,0,0,0,0,0,1,0,0
"HI",1976,1,0,1,0,0,0,0,0,0,0
"ID",1976,0,1,0,0,0,0,0,0,0,0
"IL",1976,0,0,0,0,0,0,0,0,0,1
"IN",1976,1,0,1,0,0,0,0,0,0,0
"IA",1976,1,0,0,0,0,0,0,0,0,0
"KS",1976,1,0,0,0,0,0,0,0,0,0
"KY",1976,1,0,0,0,0,0,0,0,0,0
"ME",1976,1,0,1,0,0,0,0,0,0,0
"MA",1976,1,0,0,0,0,0,0,0,0,0
"MI",1976,1,0,0,0,0,0,0,0,0,0
"MN",1976,1,0,0,0,0,0,0,0,0,0
"MO",1976,1,0,0,0,0,0,0,0,0,0
"MT",1976,1,0,0,0,0,0,0,0,0,0
"NV",1976,1,0,0,0,0,0,0,0,0,0
"NH",1976,1,0,1,0,0,0,0,0,0,0
"NM",1976,1,0,0,0,0,0,0,0,0,0
"NY",1976,1,0,0,0,0,0,0,0,0,0
"NC",1976,1,0,1,0,0,0,0,0,0,0
"ND",1976,0,0,1,0,0,0,0,0,0,0
"OH",1976,1,0,0,0,0,0,0,0,0,0
"OK",1976,1,0,0,0,0,0,0,0,0,0
"OR",1976,1,0,0,0,0,0,0,0,0,0
"PA",1976,1,0,0,0,0,0,0,0,0,0
"RI",1976,1,0,0,0,0,0,0,0,0,0
"SC",1976,1,0,0,0,0,0,0,0,0,0
"SD",1976,0,0,1,0,0,0,0,0,0,0
"TN",1976,1,0,0,0,0,0,0,0,0,0
"TX",1976,1,0,0,0,0,0,0,0,0,0
"UT",1976,1,0,0,0,0,0,0,0,0,0
"WA",1976,0,1,0,0,0,0,0,0,0,0
"WV",1976,1,0,1,0,0,0,0,0,0,0
"WI",1976,1,0,0,0,0,0,0,0,0,0
"WY",1976,1,0,1,0,0,0,0,0,0,0
"AK",1980,1,0,1,0,0,0,0,0,0,0
"AZ",1980,0,0,1,0,0,0,0,0,0,0
"AR",1980,1,1,0,0,0,0,0,0,0,0
"CA",1980,1,0,0,0,0,0,0,0,0,0
"CO",1980,1,0,0,0,0,0,0,0,0,0
"CT",1980,1,0,0,0,0,0,0,0,0,0
"DE",1980,1,0,0,0,0,0,0,0,0,0
"FL",1980,1,1,0,0,0,0,0,0,0,0
"GA",1980,1,1,0,0,0,0,0,1,0,0
"HI",1980,1,0,1,0,0,0,0,0,0,0
"ID",1980,0,1,0,0,0,0,0,0,0,0
"IL",1980,0,0,0,0,0,0,0,0,0,1
"IN",1980,1,0,1,0,0,0,0,0,0,0
"IA",1980,1,0,0,0,0,0,0,0,0,0
"KS",1980,1,0,0,0,0,0,0,0,0,0
"ME",1980,1,0,0,0,0,0,0,0,0,0
"MA",1980,1,0,0,0,0,0,0,0,0,0
"MI",1980,1,0,0,0,0,0,0,0,0,0
"MN",1980,1,0,0,0,0,0,0,0,0,0
"MO",1980,1,0,0,0,0,0,0,0,0,0
"MT",1980,1,0,0,0,0,0,0,0,0,0
"NV",1980,1,0,0,0,0,0,0,0,0,0
"NH",1980,1,0,1,0,0,0,0,0,0,0
"NM",1980,1,0,0,0,0,0,0,0,0,0
"NY",1980,1,0,0,0,0,0,0,0,0,0
"NC",1980,1,0,1,0,0,0,0,0,0,0
"ND",1980,0,0,1,0,0,0,0,0,0,0
"OH",1980,1,0,0,0,0,0,0,0,0,0
"OK",1980,1,0,0,0,0,0,0,0,0,0
"OR",1980,1,0,0,0,0,0,0,0,0,0
"PA",1980,1,0,0,0,0,0,0,0,0,0
"RI",1980,1,0,0,0,0,0,0,0,0,0
"SC",1980,1,0,0,0,0,0,0,0,0,0
"SD",1980,0,0,1,0,0,0,0,0,0,0
"TN",1980,1,0,0,0,0,0,0,0,0,0
"TX",1980,1,0,0,0,0,0,0,0,0,0
"UT",1980,1,0,0,0,0,0,0,0,0,0
"WA",1980,0,1,0,0,0,0,0,0,0,0
"WV",1980,1,0,1,0,0,0,0,0,0,0
"WI",1980,1,0,0,0,0,0,0,0,0,0
"WY",1980,1,0,1,0,0,0,0,0,0,0
"AK",1984,1,1,0,0,0,0,0,0,0,0
"AZ",1984,0,0,1,0,0,0,0,0,0,0
"AR",1984,1,1,0,0,0,0,0,0,0,0
"CA",1984,1,0,0,0,0,0,0,0,0,0
"CO",1984,1,0,0,0,0,0,0,0,0,0
"CT",1984,1,0,0,0,0,0,0,0,0,0
"DE",1984,1,0,0,0,0,0,0,0,0,0
"FL",1984,1,0,0,0,0,0,0,0,0,0
"GA",1984,1,1,0,0,0,0,1,0,0,0
"HI",1984,1,0,0,0,0,0,0,0,0,0
"ID",1984,0,1,0,0,0,0,0,1,0,0
"IL",1984,1,0,0,0,0,0,0,0,0,0
"IN",1984,1,0,1,0,0,0,0,0,0,0
"IA",1984,1,0,0,0,0,0,0,0,0,0
"KS",1984,1,0,0,0,0,0,0,0,0,0
"KY",1984,1,0,0,0,0,0,0,0,0,0
"ME",1984,1,0,0,0,0,0,0,0,0,0
"MA",1984,1,0,0,0,0,0,0,0,0,0
"MI",1984,1,0,0,0,0,0,0,0,0,0
"MN",1984,1,0,0,0,0,0,0,0,0,0
"MS",1984,1,0,0,0,0,0,0,0,0,0
"MO",1984,1,0,0,0,0,0,0,0,0,0
"MT",1984,1,0,0,0,0,0,0,0,0,0
"NV",1984,1,0,0,0,0,0,0,0,0,0
"NH",1984,1,0,1,0,0,0,1,0,1,0
"NM",1984,1,0,0,0,0,0,0,0,0,0
"NY",1984,1,0,0,0,0,0,0,0,0,0
"NC",1984,1,0,1,0,0,0,0,0,0,0
"ND",1984,0,0,1,0,0,0,0,0,0,0
"OH",1984,1,0,0,0,0,0,0,0,0,0
"OK",1984,1,0,0,0,0,0,0,0,0,0
"OR",1984,1,0,0,0,0,0,0,0,0,0
"PA",1984,1,0,0,0,0,0,0,0,0,0
"RI",1984,1,0,0,0,0,0,0,0,0,0
"SC",1984,1,0,0,0,0,0,0,0,0,0
"SD",1984,0,0,1,0,0,0,0,0,0,0
"TN",1984,1,0,0,0,0,0,0,0,0,0
"TX",1984,1,0,0,0,0,0,0,0,0,0
"UT",1984,1,0,0,0,0,0,0,0,0,0
"WA",1984,1,1,0,0,0,0,0,0,0,0
"WV",1984,1,0,1,0,0,0,0,0,0,0
"WI",1984,1,0,0,0,0,0,0,0,0,0
"WY",1984,1,0,1,0,0,0,0,0,0,0
"AK",1988,1,1,0,0,0,0,0,0,0,0
"AZ",1988,0,0,1,0,0,0,0,0,0,0
"AR",1988,1,1,0,0,0,0,0,0,0,0
"CA",1988,1,0,0,0,0,0,0,0,0,0
"CO",1988,1,0,0,0,0,0,0,0,0,0
"CT",1988,1,0,0,0,0,0,0,0,0,0
"DE",1988,1,0,0,0,0,0,0,0,0,0
"FL",1988,1,0,0,0,0,0,0,0,0,0
"GA",1988,1,1,0,0,0,0,1,0,0,0
"HI",1988,1,0,0,0,0,0,0,0,0,0
"ID",1988,0,1,0,0,0,0,0,1,0,0
"IL",1988,1,0,0,0,0,0,0,0,0,0
"IN",1988,1,0,1,0,0,0,0,0,0,0
"IA",1988,1,0,0,0,0,0,0,0,0,0
"KS",1988,1,0,0,0,0,0,0,0,0,0
"KY",1988,1,0,0,0,0,0,0,0,0,0
"ME",1988,1,0,0,0,0,0,0,0,0,0
"MA",1988,1,0,0,0,0,0,0,0,0,0
"MI",1988,1,0,0,0,0,0,0,0,0,0
"MN",1988,1,0,0,0,0,0,0,0,0,0
"MO",1988,1,0,0,0,0,0,0,0,0,0
"MT",1988,1,0,0,0,0,0,0,0,0,0
"NV",1988,1,0,0,0,0,0,0,0,0,0
"NH",1988,1,0,1,0,0,0,1,0,1,0
"NJ",1988,1,0,0,0,0,0,0,0,0,0
"NM",1988,1,0,0,0,0,0,0,0,0,0
"NY",1988,1,0,0,0,0,0,0,0,0,0
"NC",1988,1,0,1,0,0,0,0,0,0,0
"ND",1988,0,0,1,0,0,0,0,0,0,0
"OH",1988,1,0,0,0,0,0,0,0,0,0
"OK",1988,1,0,0,0,0,0,0,0,0,0
"OR",1988,1,0,0,0,0,0,0,0,0,0
"PA",1988,1,0,0,0,0,0,0,0,0,0
"RI",1988,1,0,0,0,0,0,0,0,0,0
"SC",1988,1,0,0,0,0,0,0,0,0,0
"SD",1988,0,0,1,0,0,0,0,0,0,0
"TN",1988,1,0,0,0,0,0,0,0,0,0
"TX",1988,1,0,0,0,0,0,0,0,0,0
"UT",1988,1,0,0,0,0,0,0,0,0,0
"VT",1988,1,0,1,0,0,0,0,0,0,0
"VA",1988,1,0,0,0,0,0,0,0,0,0
"WA",1988,1,1,0,0,0,0,0,0,0,0
"WV",1988,1,0,1,0,0,0,0,0,0,0
"WI",1988,1,0,0,0,0,0,0,0,0,0
"WY",1988,1,0,1,0,0,0,0,0,0,0
"AK",1992,1,0,0,0,0,0,0,0,0,0
"AZ",1992,0,0,1,0,0,0,0,0,0,0
"AR",1992,1,1,0,0,0,0,0,0,0,0
"CA",1992,1,0,0,0,0,0,0,0,0,0
"CO",1992,1,0,0,0,0,0,0,0,0,0
"CT",1992,1,0,0,0,0,0,0,0,0,0
"DE",1992,1,0,0,0,0,0,0,0,0,0
"FL",1992,1,0,0,0,0,0,0,0,0,0
"GA",1992,1,0,0,0,0,0,0,0,0,0
"HI",1992,1,0,0,0,0,0,0,0,0,0
"ID",1992,0,1,0,0,0,0,0,0,0,0
"IL",1992,1,0,0,0,0,0,0,0,0,0
"IN",1992,1,0,0,0,0,0,0,0,0,0
"IA",1992,1,0,0,0,0,0,0,0,0,0
"KS",1992,1,0,0,0,0,0,0,0,0,0
"KY",1992,1,0,0,0,0,0,0,0,0,0
"ME",1992,1,0,0,0,0,0,0,0,0,0
"MA",1992,1,0,0,0,0,0,0,0,0,0
"MI",1992,1,0,0,0,0,0,0,0,0,0
"MN",1992,1,0,0,0,0,0,0,0,0,0
"MS",1992,1,0,0,0,0,0,0,0,0,0
"MO",1992,1,0,0,0,0,0,0,0,0,0
"MT",1992,1,0,0,0,0,0,0,0,0,0
"NV",1992,1,0,0,0,0,0,0,0,0,0
"NH",1992,1,0,1,0,0,0,1,0,1,0
"NM",1992,1,0,0,0,0,0,0,0,0,0
"NY",1992,1,0,0,0,0,0,0,0,0,0
"NC",1992,1,0,1,0,0,0,0,0,0,0
"ND",1992,0,0,1,0,0,0,0,0,0,0
"OH",1992,1,0,0,0,0,0,0,0,0,0
"OK",1992,1,0,0,0,0,0,0,0,0,0
"OR",1992,1,0,0,0,0,0,0,0,0,0
"PA",1992,1,0,0,0,0,0,0,0,0,0
"RI",1992,1,0,0,0,0,0,0,0,0,0
"SC",1992,1,0,0,0,0,0,0,0,0,0
"SD",1992,1,0,1,0,0,0,0,0,0,0
"TN",1992,1,0,0,0,0,0,0,0,0,0
"TX",1992,1,0,0,0,0,0,0,0,0,0
"UT",1992,1,0,0,0,0,0,0,0,0,0
"VT",1992,1,0,1,0,0,0,0,0,0,0
"WA",1992,0,1,0,0,0,0,0,0,0,0
"WV",1992,1,0,1,0,0,0,0,0,0,0
"WI",1992,1,0,0,0,0,0,0,0,0,0
"WY",1992,1,0,0,0,0,0,0,0,0,0
"AK",1996,1,0,0,0,0,0,0,0,0,0
"AZ",1996,0,0,1,0,0,0,0,0,0,0
"AR",1996,1,1,0,0,0,0,0,0,0,0
"CA",1996,1,0,0,0,0,0,0,0,0,0
"CO",1996,1,0,0,0,0,0,0,0,0,0
"CT",1996,1,0,0,0,0,0,0,0,0,0
"DE",1996,1,0,0,0,0,0,0,0,0,0
"FL",1996,1,0,0,0,0,0,0,0,0,0
"GA",1996,1,0,0,0,0,0,0,0,0,0
"HI",1996,1,0,0,0,0,0,0,0,0,0
"ID",1996,0,1,0,0,0,0,0,0,0,0
"IL",1996,1,0,0,0,0,0,0,0,0,0
"IN",1996,1,0,0,0,0,0,0,0,0,0
"IA",1996,1,0,0,0,0,0,0,0,0,0
"KS",1996,1,0,0,0,0,0,0,0,0,0
"KY",1996,1,0,0,0,0,0,0,0,0,0
"ME",1996,1,0,0,0,0,0,0,0,0,0
"MA",1996,1,0,0,0,0,0,0,0,0,0
"MI",1996,1,0,0,0,0,0,0,0,0,0
"MN",1996,1,0,0,0,0,0,0,0,0,0
"MO",1996,1,0,0,0,0,0,0,0,0,0
"MT",1996,1,0,0,0,0,0,0,0,0,0
"NV",1996,1,0,0,0,0,0,0,0,0,0
"NH",1996,1,0,1,0,0,0,1,0,1,0
"NM",1996,1,0,0,0,0,0,0,0,0,0
"NY",1996,1,0,0,0,0,0,0,0,0,0
"NC",1996,1,0,1,0,0,0,0,0,0,0
"ND",1996,0,0,1,0,0,0,0,0,0,0
"OH",1996,1,0,0,0,0,0,0,0,0,0
"OK",1996,1,0,0,0,0,0,0,0,0,0
"OR",1996,1,0,0,0,0,0,0,0,0,0
"PA",1996,1,0,0,0,0,0,0,0,0,0
"RI",1996,1,0,0,0,0,0,0,0,0,0
"SC",1996,1,0,0,0,0,0,0,0,0,0
"SD",1996,1,0,1,0,0,0,0,0,0,0
"TN",1996,1,0,0,0,0,0,0,0,0,0
"TX",1996,1,0,0,0,0,0,0,0,0,0
"UT",1996,1,0,0,0,0,0,0,0,0,0
"VT",1996,1,0,1,0,0,0,0,0,0,0
"WA",1996,0,1,0,0,0,0,0,0,0,0
"WV",1996,1,0,1,0,0,0,0,0,0,0
"WI",1996,1,0,0,0,0,0,0,0,0,0
"WY",1996,1,0,0,0,0,0,0,0,0,0
"AK",2000,1,0,0,0,0,0,0,0,0,0
"AZ",2000,0,0,1,0,0,0,0,0,0,0
"AR",2000,1,1,0,0,0,0,0,0,0,0
"CA",2000,1,0,0,0,0,0,0,0,0,0
"CO",2000,1,0,0,0,0,0,0,0,0,0
"CT",2000,1,0,0,0,0,0,0,0,0,0
"DE",2000,1,0,0,0,0,0,0,0,0,0
"FL",2000,1,0,0,0,0,0,0,0,0,0
"GA",2000,1,0,0,0,0,0,0,0,0,0
"HI",2000,1,0,0,0,0,0,0,0,0,0
"ID",2000,0,1,0,0,0,0,0,0,0,0
"IL",2000,1,0,0,0,0,0,0,0,0,0
"IN",2000,1,0,0,0,0,0,0,0,0,0
"IA",2000,1,0,0,0,0,0,0,0,0,0
"KS",2000,1,0,0,0,0,0,0,0,0,0
"KY",2000,1,0,0,0,0,0,0,0,0,0
"LA",2000,1,0,0,0,0,0,0,0,0,0
"ME",2000,1,0,0,0,0,0,0,0,0,0
"MA",2000,1,0,0,0,0,0,0,0,0,0
"MI",2000,1,0,0,0,0,0,0,0,0,0
"MN",2000,1,0,0,0,0,0,0,0,0,0
"MO",2000,1,0,0,0,0,0,0,0,0,0
"MT",2000,1,0,0,0,0,0,0,0,0,0
"NV",2000,1,0,0,0,0,0,0,0,0,0
"NH",2000,1,0,1,0,0,0,1,0,1,0
"NM",2000,1,0,0,0,0,0,0,0,0,0
"NY",2000,1,0,0,0,0,0,0,0,0,0
"NC",2000,1,0,1,0,0,0,0,0,0,0
"ND",2000,0,0,1,0,0,0,0,0,0,0
"OH",2000,1,0,0,0,0,0,0,0,0,0
"OK",2000,1,0,0,0,0,0,0,0,0,0
"OR",2000,1,0,0,0,0,0,0,0,0,0
"PA",2000,1,0,0,0,0,0,0,0,0,0
"RI",2000,1,0,0,0,0,0,0,0,0,0
"SC",2000,1,0,0,0,0,0,0,0,0,0
"SD",2000,1,0,1,0,0,0,0,0,0,0
"TN",2000,1,0,0,0,0,0,0,0,0,0
"TX",2000,1,0,0,0,0,0,0,0,0,0
"UT",2000,1,0,0,0,0,0,0,0,0,0
"VT",2000,1,0,1,0,0,0,0,0,0,0
"WA",2000,0,1,0,0,0,0,0,0,0,0
"WV",2000,1,0,1,0,0,0,0,0,0,0
"WI",2000,1,0,0,0,0,0,0,0,0,0
"WY",2000,1,0,0,0,0,0,0,0,0,0
"AK",2004,1,0,0,0,0,0,0,0,0,0
"AZ",2004,0,0,1,0,0,0,0,0,0,0
"AR",2004,1,0,0,0,0,0,0,0,0,0
"CA",2004,1,0,0,0,0,0,0,0,0,0
"CO",2004,1,0,0,0,0,0,0,0,0,0
"CT",2004,1,0,0,0,0,0,0,0,0,0
"DE",2004,1,0,0,0,0,0,0,0,0,0
"FL",2004,1,0,0,0,0,0,0,0,0,0
"GA",2004,1,0,0,0,0,0,0,0,0,0
"HI",2004,1,0,0,0,0,0,0,0,0,0
"ID",2004,0,1,0,0,0,0,0,0,0,0
"IL",2004,1,0,0,0,0,0,0,0,0,0
"IN",2004,1,0,0,0,0,0,0,0,0,0
"IA",2004,1,0,0,0,0,0,0,0,0,0
"KS",2004,1,0,0,0,0,0,0,0,0,0
"KY",2004,1,0,0,0,0,0,0,0,0,0
"ME",2004,1,0,0,0,0,0,0,0,0,0
"MA",2004,1,0,0,0,0,0,0,0,0,0
"MI",2004,1,0,0,0,0,0,0,0,0,0
"MN",2004,1,0,0,0,0,0,0,0,0,0
"MO",2004,1,0,0,0,0,0,0,0,0,0
"MT",2004,1,0,0,0,0,0,0,0,0,0
"NV",2004,1,0,0,0,0,0,0,0,0,0
"NH",2004,1,0,1,0,0,0,0,0,0,0
"NM",2004,1,0,0,0,0,0,0,0,0,0
"NY",2004,1,0,0,0,0,0,0,0,0,0
"NC",2004,1,0,0,0,0,0,0,0,0,0
"ND",2004,0,0,1,0,0,0,0,0,0,0
"OH",2004,1,0,0,0,0,0,0,0,0,0
"OK",2004,1,0,0,0,0,0,0,0,0,0
"OR",2004,1,0,0,0,0,0,0,0,0,0
"PA",2004,1,0,0,0,0,0,0,0,0,0
"RI",2004,1,0,0,0,0,0,0,0,0,0
"SC",2004,1,0,0,0,0,0,0,0,0,0
"SD",2004,1,0,1,0,0,0,0,0,0,0
"TN",2004,1,0,0,0,0,0,0,0,0,0
"TX",2004,1,0,0,0,0,0,0,0,0,0
"UT",2004,1,0,0,0,0,0,0,0,0,0
"VT",2004,1,0,1,0,0,0,0,0,0,0
"WA",2004,0,1,0,0,0,0,0,0,0,0
"WV",2004,1,0,1,0,0,0,0,0,0,0
"WI",2004,1,0,0,0,0,0,0,0,0,0
"WY",2004,1,0,0,0,0,0,0,0,0,0
"AK",2008,1,0,0,0,0,0,0,0,0,0
"AZ",2008,0,0,1,0,0,0,0,0,0,0
"AR",2008,1,0,0,0,0,0,0,0,0,0
"CA",2008,1,0,0,0,0,0,0,0,0,0
"CO",2008,1,0,0,0,0,0,0,0,0,0
"CT",2008,1,0,0,0,0,0,0,0,0,0
"DE",2008,1,0,0,0,0,0,0,0,0,0
"FL",2008,1,0,0,0,0,0,0,0,0,0
"GA",2008,1,0,0,0,0,0,0,0,0,0
"HI",2008,1,0,0,0,0,0,0,0,0,0
"ID",2008,0,1,0,0,0,0,0,0,0,0
"IL",2008,1,0,0,0,0,0,0,0,0,0
"IN",2008,1,0,0,0,0,0,0,0,0,0
"IA",2008,1,0,0,0,0,0,0,0,0,0
"KS",2008,1,0,0,0,0,0,0,0,0,0
"KY",2008,1,0,0,0,0,0,0,0,0,0
"ME",2008,1,0,0,0,0,0,0,0,0,0
"MA",2008,1,0,0,0,0,0,0,0,0,0
"MI",2008,1,0,0,0,0,0,0,0,0,0
"MN",2008,1,0,0,0,0,0,0,0,0,0
"MO",2008,1,0,0,0,0,0,0,0,0,0
"MT",2008,1,0,0,0,0,0,0,0,0,0
"NV",2008,1,0,0,0,0,0,0,0,0,0
"NH",2008,1,0,1,0,0,0,0,0,0,0
"NM",2008,1,0,0,0,0,0,0,0,0,0
"NY",2008,1,0,0,0,0,0,0,0,0,0
"NC",2008,1,0,0,0,0,0,0,0,0,0
"ND",2008,0,0,1,0,0,0,0,0,0,0
"OH",2008,1,0,0,0,0,0,0,0,0,0
"OK",2008,1,0,0,0,0,0,0,0,0,0
"OR",2008,1,0,0,0,0,0,0,0,0,0
"PA",2008,1,0,0,0,0,0,0,0,0,0
"RI",2008,1,0,0,0,0,0,0,0,0,0
"SC",2008,1,0,0,0,0,0,0,0,0,0
"SD",2008,1,0,1,0,0,0,0,0,0,0
"TN",2008,1,0,0,0,0,0,0,0,0,0
"TX",2008,1,0,0,0,0,0,0,0,0,0
"UT",2008,1,0,0,0,0,0,0,0,0,0
"VT",2008,1,0,1,0,0,0,0,0,0,0
"WA",2008,0,1,0,0,0,0,0,0,0,0
"WV",2008,1,0,1,0,0,0,0,0,0,0
"WI",2008,1,0,0,0,0,0,0,0,0,0
"WY",2008,1,0,0,0,0,0,0,0,0,0
"FL",1989,1,0,0,0,0,0,0,0,0,0
"IA",1989,1,0,0,0,0,0,0,0,0,0
"MO",1989,1,0,0,0,0,0,0,0,0,0
"NJ",1989,0,0,1,0,0,0,0,0,0,0
"NY",1989,1,0,0,0,0,0,0,0,0,0
"OK",1989,1,0,0,0,0,0,0,0,0,0
"TN",1989,1,0,0,0,0,0,0,0,0,0
"VA",1989,1,0,0,0,0,0,0,0,0,0
"GA",1969,1,0,0,0,0,0,0,0,0,0
"KY",1969,1,0,0,0,0,0,0,0,0,0
"MN",1969,1,0,0,0,0,0,0,0,0,0
"NJ",1969,0,0,1,0,0,0,1,0,0,0
"NY",1969,1,0,0,0,0,0,0,0,0,0
"VA",1969,1,0,1,0,0,0,0,0,0,0
"KY",1971,1,0,0,0,0,0,0,0,0,0
"MN",1971,1,0,0,0,0,0,0,0,0,0
"MS",1971,1,1,0,0,0,0,1,0,0,0
"NJ",1971,1,0,1,0,0,0,1,0,1,0
"NY",1971,1,0,0,0,0,0,0,0,0,0
"VA",1971,1,0,1,0,0,0,1,0,0,0
"KY",1973,1,0,0,0,0,0,0,0,0,0
"NJ",1973,0,0,1,0,0,0,0,0,0,0
"NY",1973,1,0,0,0,0,0,0,0,0,0
"VA",1973,1,0,1,0,0,0,1,0,0,0
"KY",1975,1,0,0,0,0,0,0,0,0,0
"LA",1975,1,0,0,0,0,0,0,0,0,0
"MS",1975,1,1,0,0,0,0,1,1,0,0
"NJ",1975,1,0,1,0,0,0,0,0,0,0
"VA",1975,1,0,1,0,0,0,1,0,0,0
"KY",1977,1,0,0,0,0,0,0,0,0,0
"NJ",1977,0,0,1,0,0,0,0,0,0,0
"VA",1977,1,0,1,0,0,0,1,0,0,0
"KY",1979,1,0,0,0,0,0,0,0,0,0
"LA",1979,1,0,0,0,0,0,0,0,0,0
"MS",1979,1,0,0,0,0,0,0,0,0,0
"NJ",1979,1,0,1,0,0,0,0,0,0,0
"VA",1979,1,0,1,0,0,0,1,0,0,0
"KY",1981,1,0,0,0,0,0,0,0,0,0
"MA",1981,1,0,0,0,0,0,0,0,0,0
"NJ",1981,0,0,1,0,0,0,0,0,0,0
"VA",1981,1,0,1,0,0,0,1,0,0,0
"WA",1981,0,1,0,0,0,0,0,0,0,0
"LA",1987,1,0,0,0,0,0,0,0,0,0
"MS",1987,1,0,0,0,0,0,0,0,0,0
"NJ",1987,1,0,1,0,0,0,0,0,0,0
"OK",1987,1,0,0,0,0,0,0,0,0,0
"VA",1987,1,0,0,0,0,0,0,0,0,0
"LA",1991,1,0,0,0,0,0,0,0,0,0
"MS",1991,1,0,0,0,0,0,0,0,0,0
"NJ",1991,0,0,1,0,0,0,0,0,0,0
"VA",1991,1,0,0,0,0,0,0,0,0,0
"LA",1995,1,0,0,0,0,0,0,0,0,0
"MS",1995,1,0,0,0,0,0,0,0,0,0
"NJ",1995,0,0,1,0,0,0,0,0,0,0
"VA",1995,1,0,0,0,0,0,0,0,0,0
"LA",1999,1,0,0,0,0,0,0,0,0,0
"MS",1999,1,0,0,0,0,0,0,0,0,0
"NJ",1999,0,0,1,0,0,0,0,0,0,0
"VA",1999,1,0,0,0,0,0,0,0,0,0
"LA",2001,1,0,0,0,0,0,0,0,0,0
"NJ",2001,0,0,1,0,0,0,0,0,0,0
"VA",2001,1,0,0,0,0,0,0,0,0,0
"LA",2003,1,0,0,0,0,0,0,0,0,0
"MS",2003,1,0,0,0,0,0,0,0,0,0
"NJ",2003,0,0,1,0,0,0,0,0,0,0
"VA",2003,1,0,0,0,0,0,0,0,0,0
"LA",2007,1,0,0,0,0,0,0,0,0,0
"MS",2007,1,0,0,0,0,0,0,0,0,0
"NJ",2007,0,0,1,0,0,0,0,0,0,0
"VA",2007,1,0,0,0,0,0,0,0,0,0
"MA",1985,1,0,0,0,0,0,0,0,0,0
"MO",1985,1,0,0,0,0,0,0,0,0,0
"NJ",1985,0,0,1,0,0,0,0,0,0,0
"OK",1985,1,0,0,0,0,0,0,0,0,0
"SC",1985,1,0,0,0,0,0,0,0,0,0
"VA",1985,1,0,0,0,0,0,0,0,0,0
"NJ",1993,0,0,1,0,0,0,0,0,0,0
"VA",1993,1,0,0,0,0,0,0,0,0,0
"NJ",1997,0,0,1,0,0,0,0,0,0,0
"VA",1997,1,0,0,0,0,0,0,0,0,0
"NJ",2005,0,0,1,0,0,0,0,0,0,0
"VA",2005,1,0,0,0,0,0,0,0,0,0
"NJ",2009,0,0,1,0,0,0,0,0,0,0
"VA",2009,1,0,0,0,0,0,0,0,0,0
